SNP,CHR,POS,EA,OA,EAF,BETA,SE,P,N
rs568172460,11,9614276,C,G,0.00728,-0.2617,0.047931,4.762e-08,35374
rs551914695,11,9620798,A,G,0.00585,-0.2991,0.053211,1.898e-08,35374
,11,9973108,G,C,0.00637,-0.2997,0.052181,9.273e-09,35373
rs183109852,11,10078649,A,G,0.00791,-0.2557,0.046728,4.448e-08,35373
rs7944154,11,10464640,A,G,0.36651,-0.0486,0.008234,3.59e-09,35374
rs772975313,11,10571460,G,A,0.00627,-0.3106,0.051802,2.023e-09,35377
,11,10611905,A,A,0.06551,0.0938,0.015816,3.019e-09,35377
rs72862367,11,10611905,T,A,0.06551,-0.0938,0.015816,3.019e-09,35377
rs10770127,11,10633113,T,C,0.16919,-0.0576,0.010534,4.554e-08,35375
rs56403365,11,10633137,T,C,0.29552,0.0709,0.008727,4.505e-16,35375
,11,10633143,G,G,0.2946,-0.0702,0.008742,9.712e-16,35375
rs56111435,11,10633143,T,G,0.29072,0.0672,0.008774,1.873e-14,35375
rs11042901,11,10633364,C,T,0.32953,0.0619,0.008463,2.584e-13,35375
rs12360799,11,10633474,G,C,0.36353,0.0876,0.008219,1.605e-26,35375
rs11042902,11,10634076,T,C,0.29293,0.0865,0.008732,3.913e-23,35375
rs1863244,11,10636192,T,C,0.35127,-0.0882,0.008311,2.615e-26,35375
rs10840451,11,10636283,T,C,0.19556,-0.0576,0.009955,7.21e-09,35375
rs10431031,11,10636894,C,T,0.19447,-0.0576,0.009979,7.82e-09,35375
rs1035691,11,10637188,G,A,0.35091,-0.088,0.008305,3.127e-26,35375
rs11603178,11,10638520,G,T,0.27313,0.0886,0.008933,3.467e-23,35375
rs7936267,11,10639269,A,G,0.33179,0.0884,0.008436,1.086e-25,35375
rs7936275,11,10639293,T,G,0.27701,0.091,0.008881,1.231e-24,35375
rs12801558,11,10640506,T,C,0.45024,-0.0496,0.007975,4.996e-10,35376
rs11042905,11,10640802,T,C,0.45025,-0.0495,0.007959,5e-10,35376
rs7947808,11,10641756,A,G,0.45727,-0.0463,0.007969,6.258e-09,35376
rs2052690,11,10642486,T,G,0.27857,0.0981,0.008876,2.15e-28,35375
rs9633862,11,10642591,C,G,0.19318,-0.0596,0.010004,2.557e-09,35375
rs2052691,11,10642874,A,G,0.27724,0.0983,0.008882,1.807e-28,35375
rs9633863,11,10643031,G,C,0.19364,-0.0586,0.009975,4.231e-09,35375
rs10840453,11,10643354,T,C,0.27656,0.1008,0.008891,8.632e-30,35375
rs11042906,11,10643688,T,C,0.27672,0.1005,0.008887,1.185e-29,35375
rs2033049,11,10644858,C,T,0.46031,-0.0608,0.007913,1.543e-14,35376
rs6484437,11,10645728,G,A,0.34732,-0.1086,0.008302,4.206e-39,35376
rs7113409,11,10645868,A,G,0.33387,-0.0757,0.008372,1.535e-19,35376
rs2052692,11,10646094,G,A,0.34729,-0.1085,0.008295,4.302e-39,35376
rs10840454,11,10646848,C,T,0.19233,-0.0602,0.01002,1.876e-09,35376
rs11042909,11,10646975,A,G,0.19232,-0.0597,0.010013,2.489e-09,35376
rs4442541,11,10647625,G,A,0.34518,-0.1092,0.008307,1.802e-39,35376
rs7940646,11,10647681,C,T,0.3447,-0.1095,0.008316,1.34e-39,35376
rs10770128,11,10647875,A,G,0.19231,-0.0598,0.010004,2.268e-09,35376
rs10840455,11,10647993,T,C,0.19234,-0.0601,0.010012,1.939e-09,35376
rs4910164,11,10650550,T,C,0.40666,-0.0691,0.008046,8.819e-18,35376
rs7935285,11,10650971,T,C,0.19109,-0.0593,0.010033,3.411e-09,35376
rs7938635,11,10651422,A,C,0.19109,-0.0593,0.010042,3.518e-09,35376
rs4909945,11,10652192,C,T,0.34481,-0.1094,0.008308,1.328e-39,35376
rs4910165,11,10652497,G,C,0.34495,-0.1096,0.008313,1.072e-39,35376
rs11042910,11,10653050,T,C,0.40541,-0.0688,0.008044,1.199e-17,35376
rs10840456,11,10653113,A,G,0.19227,-0.0601,0.010016,1.97e-09,35376
rs10770129,11,10653124,T,A,0.19227,-0.0601,0.010016,1.97e-09,35376
rs10840457,11,10654191,G,A,0.34657,-0.1085,0.008298,4.522e-39,35376
rs2098839,11,10655440,C,T,0.35287,-0.1054,0.00825,2.244e-37,35376
rs1863243,11,10655826,A,G,0.35412,-0.1045,0.008239,7.321e-37,35376
rs10770130,11,10656369,T,C,0.20003,-0.0575,0.009866,5.615e-09,35376
rs11042911,11,10657238,C,T,0.36521,-0.0672,0.008216,2.866e-16,35376
rs34554801,11,10657750,C,G,0.35582,-0.0705,0.008281,1.685e-17,35376
rs1544861,11,10657894,C,T,0.35784,-0.1039,0.008226,1.438e-36,35376
rs1544862,11,10658212,A,G,0.19717,-0.0584,0.009913,3.832e-09,35376
rs35040034,11,10658746,T,C,0.19727,-0.0585,0.009921,3.707e-09,35376
rs1895712,11,10659950,A,G,0.19718,-0.0584,0.009911,3.802e-09,35376
,11,10660592,T,T,0.36597,0.0677,0.008215,1.714e-16,35376
rs10840459,11,10660592,G,T,0.36596,-0.0678,0.008219,1.59e-16,35376
rs10840460,11,10660628,A,G,0.19717,-0.0584,0.009917,3.887e-09,35376
rs10770131,11,10660701,C,T,0.43678,-0.1018,0.007967,2.198e-37,35376
,11,10661090,T,T,0.1972,0.0584,0.009915,3.857e-09,35376
rs10840461,11,10662370,T,C,0.19714,-0.0586,0.009916,3.429e-09,35376
rs7947953,11,10662513,G,A,0.41154,-0.1047,0.008024,6.551e-39,35376
rs7951153,11,10662649,C,T,0.43681,-0.1016,0.007971,3.247e-37,35376
rs10840462,11,10662743,A,G,0.19739,-0.0578,0.009907,5.406e-09,35375
rs722274,11,10664037,G,A,0.19866,-0.0577,0.00988,5.224e-09,35375
rs11042913,11,10665014,C,T,0.19867,-0.0581,0.009893,4.282e-09,35375
rs1425149,11,10666281,T,C,0.19735,-0.0578,0.009906,5.382e-09,35375
rs1425150,11,10666564,G,T,0.19739,-0.058,0.009911,4.848e-09,35375
rs1425151,11,10666670,G,A,0.19738,-0.058,0.009903,4.712e-09,35375
rs10840463,11,10666947,A,C,0.19737,-0.058,0.009902,4.709e-09,35375
rs10840464,11,10666967,T,C,0.19737,-0.0579,0.009918,5.278e-09,35375
rs10840465,11,10666973,G,A,0.19741,-0.058,0.009911,4.846e-09,35375
rs903822,11,10667679,C,G,0.41246,-0.1045,0.008022,8.571e-39,35375
rs881870,11,10667715,G,A,0.31681,-0.0758,0.008495,4.548e-19,35376
rs881869,11,10667907,G,C,0.41247,-0.1044,0.008022,1.026e-38,35375
rs1390571,11,10668273,A,C,0.41247,-0.1042,0.008016,1.231e-38,35375
rs1390572,11,10668710,A,G,0.19735,-0.0574,0.009909,6.921e-09,35375
rs745336,11,10669102,A,G,0.39014,-0.0676,0.008105,7.384e-17,35376
rs903823,11,10669533,A,G,0.41121,-0.1051,0.008022,3.201e-39,35375
rs903824,11,10669890,A,G,0.41132,-0.1052,0.008024,2.862e-39,35375
,11,10670067,A,A,0.41132,0.1053,0.008026,2.51e-39,35375
rs1874443,11,10670067,G,A,0.41132,-0.1053,0.008026,2.51e-39,35375
rs1874444,11,10670091,C,T,0.19858,-0.0585,0.009892,3.339e-09,35375
rs1874445,11,10670174,C,T,0.41132,-0.105,0.008022,3.805e-39,35375
rs7933525,11,10670580,C,T,0.19864,-0.0584,0.009884,3.449e-09,35375
rs10840466,11,10670594,C,T,0.19863,-0.0582,0.009892,4.023e-09,35375
rs12363520,11,10670625,A,T,0.22984,0.0971,0.009423,6.752e-25,35376
rs1390573,11,10670713,A,T,0.39005,-0.0677,0.008107,6.777e-17,35376
rs4909946,11,10671091,C,T,0.39009,-0.0678,0.008109,6.213e-17,35376
rs4243916,11,10671274,G,A,0.39004,-0.0677,0.008111,7.022e-17,35376
rs1845832,11,10671434,A,G,0.19814,-0.0574,0.009893,6.54e-09,35375
rs10840467,11,10671830,G,A,0.19863,-0.058,0.009888,4.479e-09,35375
rs7938027,11,10672037,C,T,0.39008,-0.0678,0.008101,5.811e-17,35376
rs1390575,11,10674254,C,T,0.4109,-0.1045,0.008024,8.934e-39,35375
rs1863245,11,10674399,C,G,0.41091,-0.1045,0.008024,8.932e-39,35375
rs4910166,11,10675096,T,C,0.39005,-0.0677,0.008105,6.685e-17,35376
rs7925193,11,10675546,C,T,0.39008,-0.0678,0.008103,5.897e-17,35376
rs12363422,11,10675843,C,T,0.39015,-0.0676,0.008107,7.501e-17,35376
rs7939662,11,10676357,T,C,0.39004,-0.0677,0.008113,7.122e-17,35376
rs7939686,11,10676402,T,C,0.39005,-0.0677,0.008113,7.122e-17,35376
rs10770132,11,10676526,A,G,0.39006,-0.0677,0.008113,7.137e-17,35376
rs10770133,11,10676589,T,C,0.39013,-0.0678,0.00811,6.292e-17,35374
rs10840468,11,10676713,A,G,0.39014,-0.0678,0.00811,6.287e-17,35374
rs16908157,11,10676890,A,G,0.39014,-0.0678,0.00811,6.255e-17,35374
rs35165550,11,10676941,C,T,0.39014,-0.0678,0.00811,6.251e-17,35374
rs16908159,11,10677307,T,C,0.39013,-0.0678,0.00811,6.243e-17,35374
rs16908162,11,10677365,G,T,0.39015,-0.0678,0.008111,6.317e-17,35374
rs903825,11,10677524,T,C,0.39014,-0.0679,0.008114,5.856e-17,35374
rs903826,11,10677635,C,T,0.3903,-0.0681,0.008107,4.465e-17,35374
rs903827,11,10677639,T,G,0.39026,-0.068,0.00811,5.063e-17,35374
rs903828,11,10677876,T,C,0.39013,-0.0678,0.008109,6.23e-17,35374
rs890115,11,10678149,T,C,0.41326,-0.1042,0.008016,1.248e-38,35373
rs1075768,11,10678202,G,A,0.41326,-0.1043,0.008024,1.244e-38,35373
rs733534,11,10678203,C,A,0.41326,-0.1043,0.008024,1.244e-38,35373
rs750540,11,10678330,T,C,0.39012,-0.0678,0.008109,6.232e-17,35374
rs12420672,11,10678734,C,T,0.39074,-0.0681,0.008104,4.329e-17,35374
rs12420675,11,10678801,A,T,0.39029,-0.0679,0.008109,5.619e-17,35374
rs11512010,11,10680009,T,C,0.38633,-0.0561,0.008129,5.15e-12,35374
rs10219376,11,10680039,C,T,0.18173,-0.058,0.010241,1.485e-08,35373
rs7929879,11,10680801,T,A,0.3271,-0.0888,0.008456,8.518e-26,35374
rs12789511,11,10680970,A,G,0.3152,-0.0926,0.008539,2.116e-27,35374
rs10770134,11,10683042,C,G,0.25047,0.0738,0.009187,9.53e-16,35373
rs11042916,11,10683614,T,C,0.23448,0.0617,0.009423,5.847e-11,35373
rs10743145,11,10683873,G,A,0.29512,0.0963,0.008694,1.639e-28,35373
rs4910168,11,10685657,G,C,0.30461,0.0933,0.008626,2.892e-27,35373
rs10770135,11,10686193,C,T,0.27685,0.0739,0.008898,9.973e-17,35373
rs719152,11,10686942,G,C,0.31743,0.0676,0.008541,2.486e-15,35373
rs10743146,11,10687191,G,A,0.30464,0.0934,0.008626,2.528e-27,35372
rs4910169,11,10687621,C,T,0.21385,0.0602,0.009751,6.661e-10,35373
rs1035694,11,10687647,T,C,0.32183,0.0847,0.008501,2.201e-23,35373
rs10840470,11,10688059,C,G,0.49145,0.0993,0.007951,8.603e-36,35373
rs10743147,11,10688363,G,A,0.30467,0.0931,0.008623,3.555e-27,35373
rs10840471,11,10689228,T,G,0.27671,0.0741,0.008896,8.092e-17,35373
rs11042920,11,10689657,A,G,0.21377,0.0602,0.009751,6.672e-10,35373
rs6484465,11,10689774,A,G,0.30465,0.0933,0.008628,2.971e-27,35373
rs4909947,11,10689868,G,T,0.49148,0.099,0.007947,1.274e-35,35373
rs7123827,11,10690270,C,A,0.49149,0.0992,0.007953,1.052e-35,35373
rs4910170,11,10691885,C,T,0.30671,0.0927,0.008609,4.916e-27,35374
rs10770136,11,10693577,C,T,0.30729,0.0925,0.008609,6.263e-27,35374
rs10840473,11,10694174,A,G,0.27601,0.074,0.008894,8.783e-17,35374
,11,10696265,G,G,0.29717,-0.0959,0.008683,2.324e-28,35374
rs10770137,11,10696265,A,G,0.2981,0.095,0.008677,6.733e-28,35374
rs1466760,11,10696647,A,T,0.29707,0.0959,0.008683,2.331e-28,35374
rs4910171,11,10697416,G,C,0.29702,0.096,0.008687,2.158e-28,35374
rs4910172,11,10697582,C,T,0.29702,0.096,0.008683,2.034e-28,35374
rs4910173,11,10697595,G,C,0.29702,0.096,0.008684,2.08e-28,35374
rs10734656,11,10697907,A,G,0.29701,0.096,0.008681,1.978e-28,35374
rs10840475,11,10699363,C,T,0.27757,0.0734,0.008884,1.435e-16,35374
rs2896551,11,10699453,G,A,0.16307,0.0624,0.010746,6.371e-09,35374
rs4909948,11,10699790,C,T,0.29715,0.0965,0.008681,1.039e-28,35374
rs10840476,11,10699846,T,C,0.27756,0.0735,0.008888,1.345e-16,35374
rs4910175,11,10699847,G,A,0.29715,0.0965,0.008681,1.04e-28,35374
rs4909949,11,10700074,T,C,0.22151,0.0604,0.009628,3.54e-10,35374
rs4910176,11,10700097,C,A,0.22162,0.0605,0.009627,3.285e-10,35374
rs10770138,11,10700465,C,T,0.29716,0.0966,0.008676,8.611e-29,35374
rs11042927,11,10700547,G,A,0.16457,0.064,0.010731,2.463e-09,35372
rs10840477,11,10700718,C,A,0.27708,0.0735,0.008903,1.512e-16,35374
rs11042928,11,10700775,A,G,0.27747,0.0733,0.008886,1.598e-16,35374
rs73415773,11,10701191,C,T,0.2215,0.0604,0.009629,3.547e-10,35374
rs57598540,11,10701618,T,C,0.2215,0.0604,0.009629,3.549e-10,35374
rs61399416,11,10701634,T,C,0.22233,0.0599,0.009615,4.66e-10,35374
rs11042929,11,10702142,T,C,0.27757,0.0734,0.008881,1.396e-16,35374
rs57917901,11,10702277,A,G,0.2215,0.0602,0.009622,3.94e-10,35374
rs7129273,11,10702887,C,T,0.22149,0.0603,0.00962,3.649e-10,35374
rs4910178,11,10703975,T,C,0.22149,0.0602,0.009621,3.915e-10,35374
rs61891289,11,10704094,G,C,0.27676,0.0736,0.008889,1.236e-16,35374
rs73415787,11,10709096,C,T,0.24667,0.0601,0.009268,8.901e-11,35374
rs16908202,11,10709132,C,T,0.24668,0.0601,0.009253,8.303e-11,35374
rs7120414,11,10710406,A,G,0.25844,0.073,0.009075,8.708e-16,35374
rs4909950,11,10710590,C,A,0.1925,0.0872,0.01005,4.092e-18,35374
rs7122100,11,10711013,A,C,0.25759,0.0735,0.009084,5.92e-16,35374
rs7114199,11,10711420,C,T,0.29707,0.0964,0.008684,1.236e-28,35374
rs149895951,11,10713128,G,A,0.02554,-0.1936,0.024881,7.198e-15,35374
,11,10714985,T,T,0.24752,-0.0744,0.009206,6.376e-16,35373
,11,10715009,C,C,0.24751,-0.0746,0.009207,5.391e-16,35373
rs12285709,11,10715113,A,G,0.24668,0.0751,0.00922,3.78e-16,35373
rs16908224,11,10715252,G,A,0.24957,0.0573,0.009225,5.25e-10,35373
rs10840478,11,10715454,G,T,0.29719,0.0928,0.008679,1.11e-26,35372
rs12792130,11,10724382,C,T,0.04688,-0.147,0.018407,1.391e-15,35373
rs73417722,11,10731438,C,T,0.02553,-0.1956,0.024967,4.708e-15,35372
rs2232929,11,10852993,A,G,0.01886,-0.1896,0.02924,8.922e-11,35369
